{
  "model": "bert_base",
  "n_test_samples": 5427,
  "baseline_t05": {
    "f1_macro": 0.41593926188744756,
    "f1_micro": 0.46495633681733856,
    "f1_weighted": 0.5328854937154334,
    "per_class": {
      "admiration": 0.627,
      "amusement": 0.8032,
      "anger": 0.4121,
      "annoyance": 0.3262,
      "approval": 0.3244,
      "caring": 0.3381,
      "confusion": 0.3063,
      "curiosity": 0.5395,
      "desire": 0.4037,
      "disappointment": 0.2196,
      "disapproval": 0.3268,
      "disgust": 0.3318,
      "embarrassment": 0.2567,
      "excitement": 0.275,
      "fear": 0.5074,
      "gratitude": 0.8362,
      "grief": 0.2222,
      "joy": 0.3719,
      "love": 0.7496,
      "nervousness": 0.2459,
      "optimism": 0.3868,
      "pride": 0.3333,
      "realization": 0.1898,
      "relief": 0.1928,
      "remorse": 0.5579,
      "sadness": 0.408,
      "surprise": 0.4723,
      "neutral": 0.6821
    }
  },
  "global_best_threshold": 0.9,
  "global_tuned": {
    "f1_macro": 0.5166903009771872,
    "f1_micro": 0.5277931088859102,
    "f1_weighted": 0.5153481886116924,
    "per_class": {
      "admiration": 0.7066,
      "amusement": 0.8362,
      "anger": 0.5053,
      "annoyance": 0.386,
      "approval": 0.4279,
      "caring": 0.4368,
      "confusion": 0.4277,
      "curiosity": 0.5785,
      "desire": 0.5241,
      "disappointment": 0.3116,
      "disapproval": 0.4152,
      "disgust": 0.4969,
      "embarrassment": 0.4474,
      "excitement": 0.3787,
      "fear": 0.6275,
      "gratitude": 0.9109,
      "grief": 0.4,
      "joy": 0.5767,
      "love": 0.8008,
      "nervousness": 0.3846,
      "optimism": 0.5764,
      "pride": 0.48,
      "realization": 0.2708,
      "relief": 0.4,
      "remorse": 0.6842,
      "sadness": 0.5323,
      "surprise": 0.5636,
      "neutral": 0.3809
    }
  },
  "perclass_thresholds": {
    "admiration": 0.9,
    "amusement": 0.85,
    "anger": 0.9,
    "annoyance": 0.85,
    "approval": 0.85,
    "caring": 0.9,
    "confusion": 0.9,
    "curiosity": 0.9,
    "desire": 0.85,
    "disappointment": 0.9,
    "disapproval": 0.9,
    "disgust": 0.9,
    "embarrassment": 0.9,
    "excitement": 0.9,
    "fear": 0.9,
    "gratitude": 0.9,
    "grief": 0.9,
    "joy": 0.9,
    "love": 0.9,
    "nervousness": 0.9,
    "optimism": 0.9,
    "pride": 0.7,
    "realization": 0.85,
    "relief": 0.9,
    "remorse": 0.9,
    "sadness": 0.9,
    "surprise": 0.9,
    "neutral": 0.45
  },
  "perclass_tuned": {
    "f1_macro": 0.5288365671726307,
    "f1_micro": 0.5927678269685704,
    "f1_weighted": 0.6030741893739524,
    "per_class": {
      "admiration": 0.7066,
      "amusement": 0.8399,
      "anger": 0.5053,
      "annoyance": 0.3912,
      "approval": 0.439,
      "caring": 0.4368,
      "confusion": 0.4277,
      "curiosity": 0.5785,
      "desire": 0.5274,
      "disappointment": 0.3116,
      "disapproval": 0.4152,
      "disgust": 0.4969,
      "embarrassment": 0.4474,
      "excitement": 0.3787,
      "fear": 0.6275,
      "gratitude": 0.9109,
      "grief": 0.4,
      "joy": 0.5767,
      "love": 0.8008,
      "nervousness": 0.3846,
      "optimism": 0.5764,
      "pride": 0.4828,
      "realization": 0.2785,
      "relief": 0.4,
      "remorse": 0.6842,
      "sadness": 0.5323,
      "surprise": 0.5636,
      "neutral": 0.6871
    }
  }
}