{
  "model": "roberta_base",
  "n_test_samples": 5427,
  "baseline_t05": {
    "f1_macro": 0.41114087859999376,
    "f1_micro": 0.46177165529847086,
    "f1_weighted": 0.5288519878229276,
    "per_class": {
      "admiration": 0.63,
      "amusement": 0.7482,
      "anger": 0.371,
      "annoyance": 0.3152,
      "approval": 0.3395,
      "caring": 0.3172,
      "confusion": 0.3146,
      "curiosity": 0.5279,
      "desire": 0.4072,
      "disappointment": 0.2097,
      "disapproval": 0.3553,
      "disgust": 0.3339,
      "embarrassment": 0.2486,
      "excitement": 0.2565,
      "fear": 0.4863,
      "gratitude": 0.8381,
      "grief": 0.1961,
      "joy": 0.3617,
      "love": 0.7319,
      "nervousness": 0.2344,
      "optimism": 0.3592,
      "pride": 0.4091,
      "realization": 0.2202,
      "relief": 0.1839,
      "remorse": 0.573,
      "sadness": 0.4065,
      "surprise": 0.453,
      "neutral": 0.6839
    }
  },
  "global_best_threshold": 0.9,
  "global_tuned": {
    "f1_macro": 0.5135761099079579,
    "f1_micro": 0.5275015537600994,
    "f1_weighted": 0.512736404358699,
    "per_class": {
      "admiration": 0.6947,
      "amusement": 0.8322,
      "anger": 0.493,
      "annoyance": 0.3765,
      "approval": 0.4111,
      "caring": 0.4289,
      "confusion": 0.4196,
      "curiosity": 0.5812,
      "desire": 0.555,
      "disappointment": 0.3366,
      "disapproval": 0.4328,
      "disgust": 0.506,
      "embarrassment": 0.4474,
      "excitement": 0.3625,
      "fear": 0.6355,
      "gratitude": 0.9088,
      "grief": 0.381,
      "joy": 0.5792,
      "love": 0.8037,
      "nervousness": 0.3571,
      "optimism": 0.5339,
      "pride": 0.4444,
      "realization": 0.2609,
      "relief": 0.4516,
      "remorse": 0.671,
      "sadness": 0.5343,
      "surprise": 0.5584,
      "neutral": 0.3826
    }
  },
  "perclass_thresholds": {
    "admiration": 0.9,
    "amusement": 0.9,
    "anger": 0.9,
    "annoyance": 0.85,
    "approval": 0.8,
    "caring": 0.9,
    "confusion": 0.9,
    "curiosity": 0.9,
    "desire": 0.9,
    "disappointment": 0.9,
    "disapproval": 0.9,
    "disgust": 0.9,
    "embarrassment": 0.9,
    "excitement": 0.9,
    "fear": 0.9,
    "gratitude": 0.9,
    "grief": 0.9,
    "joy": 0.9,
    "love": 0.9,
    "nervousness": 0.9,
    "optimism": 0.9,
    "pride": 0.75,
    "realization": 0.85,
    "relief": 0.9,
    "remorse": 0.9,
    "sadness": 0.9,
    "surprise": 0.9,
    "neutral": 0.45
  },
  "perclass_tuned": {
    "f1_macro": 0.5296160804259685,
    "f1_micro": 0.5923668168566127,
    "f1_weighted": 0.6028864273159759,
    "per_class": {
      "admiration": 0.6947,
      "amusement": 0.8322,
      "anger": 0.493,
      "annoyance": 0.3893,
      "approval": 0.4347,
      "caring": 0.4289,
      "confusion": 0.4196,
      "curiosity": 0.5812,
      "desire": 0.555,
      "disappointment": 0.3366,
      "disapproval": 0.4328,
      "disgust": 0.506,
      "embarrassment": 0.4474,
      "excitement": 0.3625,
      "fear": 0.6355,
      "gratitude": 0.9088,
      "grief": 0.381,
      "joy": 0.5792,
      "love": 0.8037,
      "nervousness": 0.3571,
      "optimism": 0.5339,
      "pride": 0.5161,
      "realization": 0.2928,
      "relief": 0.4516,
      "remorse": 0.671,
      "sadness": 0.5343,
      "surprise": 0.5584,
      "neutral": 0.6917
    }
  }
}